# DEBT REGISTER, NOT AN APPROVAL -- generated by scripts/check-cross-component-overrides.sh
# --update-baseline. Every line is a NON-custom property declared in component X's stylesheet on
# an element that is really component Y's, so which rule wins depends on stylesheet order or
# specificity (see the .sh header). Convert a site to a slot variable and delete its line; do not
# add one. Format: file<TAB>kind<TAB>selector<TAB>property, sorted, one line per declaration
# (a multiset). kind = composed:<Y> (X's class on Y's root) | tag (bare form-control element).
preview/src/components/button_group/style.css	composed:separator	.dx-button-group-separator	align-self
preview/src/components/button_group/style.css	composed:separator	.dx-button-group-separator	margin
preview/src/components/button_group/style.css	composed:separator	.dx-button-group[data-orientation="vertical"] .dx-button-group-separator	margin
preview/src/components/button_group/style.css	tag	.dx-button-group > button:focus-visible	z-index
preview/src/components/button_group/style.css	tag	.dx-button-group > button:hover	z-index
preview/src/components/button_group/style.css	tag	.dx-button-group > button:not(:first-child)	margin-inline-start
preview/src/components/button_group/style.css	tag	.dx-button-group:not([data-orientation="vertical"]) > button:not(:first-child)	border-end-start-radius
preview/src/components/button_group/style.css	tag	.dx-button-group:not([data-orientation="vertical"]) > button:not(:first-child)	border-start-start-radius
preview/src/components/button_group/style.css	tag	.dx-button-group:not([data-orientation="vertical"]) > button:not(:last-child)	border-end-end-radius
preview/src/components/button_group/style.css	tag	.dx-button-group:not([data-orientation="vertical"]) > button:not(:last-child)	border-start-end-radius
preview/src/components/button_group/style.css	tag	.dx-button-group[data-orientation="vertical"] > button:not(:first-child)	border-start-end-radius
preview/src/components/button_group/style.css	tag	.dx-button-group[data-orientation="vertical"] > button:not(:first-child)	border-start-start-radius
preview/src/components/button_group/style.css	tag	.dx-button-group[data-orientation="vertical"] > button:not(:first-child)	margin-block-start
preview/src/components/button_group/style.css	tag	.dx-button-group[data-orientation="vertical"] > button:not(:first-child)	margin-inline-start
preview/src/components/button_group/style.css	tag	.dx-button-group[data-orientation="vertical"] > button:not(:last-child)	border-end-end-radius
preview/src/components/button_group/style.css	tag	.dx-button-group[data-orientation="vertical"] > button:not(:last-child)	border-end-start-radius
preview/src/components/chart/style.css	composed:card	[data-slot="card"].dx-chart-interactive	padding-block
preview/src/components/chart/style.css	composed:card	[data-slot="card-content"].dx-chart-interactive-content	padding
preview/src/components/chart/style.css	composed:card	[data-slot="card-content"].dx-chart-interactive-content	padding
preview/src/components/chart/style.css	composed:card	[data-slot="card-footer"].dx-chart-footer	align-items
preview/src/components/chart/style.css	composed:card	[data-slot="card-footer"].dx-chart-footer	flex-direction
preview/src/components/chart/style.css	composed:card	[data-slot="card-footer"].dx-chart-footer	font-size
preview/src/components/chart/style.css	composed:card	[data-slot="card-footer"].dx-chart-footer	gap
preview/src/components/chart/style.css	composed:card	[data-slot="card-header"].dx-chart-interactive-header	align-items
preview/src/components/chart/style.css	composed:card	[data-slot="card-header"].dx-chart-interactive-header	border-bottom
preview/src/components/chart/style.css	composed:card	[data-slot="card-header"].dx-chart-interactive-header	display
preview/src/components/chart/style.css	composed:card	[data-slot="card-header"].dx-chart-interactive-header	flex-direction
preview/src/components/chart/style.css	composed:card	[data-slot="card-header"].dx-chart-interactive-header	flex-direction
preview/src/components/chart/style.css	composed:card	[data-slot="card-header"].dx-chart-interactive-header	gap
preview/src/components/chart/style.css	composed:card	[data-slot="card-header"].dx-chart-interactive-header	padding
preview/src/components/command/style.css	composed:dialog	.dx-command-sr-only	border
preview/src/components/command/style.css	composed:dialog	.dx-command-sr-only	clip-path
preview/src/components/command/style.css	composed:dialog	.dx-command-sr-only	height
preview/src/components/command/style.css	composed:dialog	.dx-command-sr-only	margin
preview/src/components/command/style.css	composed:dialog	.dx-command-sr-only	overflow
preview/src/components/command/style.css	composed:dialog	.dx-command-sr-only	padding
preview/src/components/command/style.css	composed:dialog	.dx-command-sr-only	position
preview/src/components/command/style.css	composed:dialog	.dx-command-sr-only	white-space
preview/src/components/command/style.css	composed:dialog	.dx-command-sr-only	width
preview/src/components/data_table/style.css	composed:button	.dx-data-table-column-header-button	align-items
preview/src/components/data_table/style.css	composed:button	.dx-data-table-column-header-button	display
preview/src/components/data_table/style.css	composed:button	.dx-data-table-column-header-button	gap
preview/src/components/data_table/style.css	composed:button	.dx-data-table-column-header-button	margin
preview/src/components/data_table/style.css	composed:button	.dx-data-table-column-header-button	padding
preview/src/components/data_table/style.css	composed:input	.dx-data-table-filter	max-width
preview/src/components/date_picker/style.css	composed:popover	.dx-date-picker-group .dx-date-picker-popover-content	max-width
preview/src/components/date_picker/style.css	composed:popover	.dx-date-picker-group .dx-date-picker-popover-content	padding
preview/src/components/date_picker/style.css	composed:popover	.dx-date-picker-group .dx-date-picker-popover-content	width
preview/src/components/date_picker/style.css	composed:popover	.dx-date-picker-group .dx-date-picker-popover-trigger	align-items
preview/src/components/date_picker/style.css	composed:popover	.dx-date-picker-group .dx-date-picker-popover-trigger	background-color
preview/src/components/date_picker/style.css	composed:popover	.dx-date-picker-group .dx-date-picker-popover-trigger	border
preview/src/components/date_picker/style.css	composed:popover	.dx-date-picker-group .dx-date-picker-popover-trigger	cursor
preview/src/components/date_picker/style.css	composed:popover	.dx-date-picker-group .dx-date-picker-popover-trigger	display
preview/src/components/date_picker/style.css	composed:popover	.dx-date-picker-group .dx-date-picker-popover-trigger	justify-content
preview/src/components/date_picker/style.css	composed:popover	.dx-date-picker-group .dx-date-picker-popover-trigger	padding
preview/src/components/date_picker/style.css	composed:popover	.dx-date-picker-group .dx-date-picker-popover-trigger	transition
preview/src/components/date_picker/style.css	composed:popover	.dx-date-picker-group .dx-date-picker-popover-trigger:focus-visible	border-radius
preview/src/components/date_picker/style.css	composed:popover	.dx-date-picker-group .dx-date-picker-popover-trigger:focus-visible	box-shadow
preview/src/components/date_picker/style.css	composed:popover	.dx-date-picker-group .dx-date-picker-popover-trigger:focus-visible	outline
preview/src/components/date_picker/style.css	composed:popover	.dx-date-picker-popover-content[data-state="closed"]	animation
preview/src/components/date_picker/style.css	composed:popover	.dx-date-picker-popover-content[data-state="closed"]	pointer-events
preview/src/components/date_picker/style.css	composed:popover	.dx-date-picker-popover-content[data-state="open"]	animation
preview/src/components/field/style.css	composed:label	.dx-field[data-orientation="horizontal"] > .dx-field-label	margin-top
preview/src/components/field/style.css	tag	.dx-field[data-orientation="horizontal"] > button	margin-top
preview/src/components/field/style.css	tag	.dx-field[data-orientation="horizontal"] > input	margin-top
preview/src/components/field/style.css	tag	.dx-field[data-orientation="horizontal"] > select	margin-top
preview/src/components/form/style.css	tag	.dx-form-actions button	background-color
preview/src/components/form/style.css	tag	.dx-form-actions button	border
preview/src/components/form/style.css	tag	.dx-form-actions button	border-radius
preview/src/components/form/style.css	tag	.dx-form-actions button	color
preview/src/components/form/style.css	tag	.dx-form-actions button	cursor
preview/src/components/form/style.css	tag	.dx-form-actions button	font-size
preview/src/components/form/style.css	tag	.dx-form-actions button	padding
preview/src/components/input_group/style.css	composed:input	.dx-input-group .dx-input-group-control	background
preview/src/components/input_group/style.css	composed:input	.dx-input-group .dx-input-group-control	border-radius
preview/src/components/input_group/style.css	composed:input	.dx-input-group .dx-input-group-control	box-shadow
preview/src/components/input_group/style.css	composed:input	.dx-input-group .dx-input-group-control	flex
preview/src/components/input_group/style.css	composed:input	.dx-input-group .dx-input-group-control:focus-visible	background
preview/src/components/input_group/style.css	composed:input	.dx-input-group .dx-input-group-control:focus-visible	box-shadow
preview/src/components/input_group/style.css	composed:input	.dx-input-group .dx-input-group-control:hover:not(:disabled)	background
preview/src/components/input_group/style.css	composed:input	.dx-input-group .dx-input-group-control:hover:not(:disabled)	box-shadow
preview/src/components/input_group/style.css	tag	.dx-input-group-addon button	height
preview/src/components/input_group/style.css	tag	.dx-input-group-addon button	padding
preview/src/components/item/style.css	composed:separator	.dx-item-separator	margin
preview/src/components/message_scroller/style.css	composed:button	.dx-message-scroller-button[data-active="false"]	opacity
preview/src/components/message_scroller/style.css	composed:button	.dx-message-scroller-button[data-active="false"]	pointer-events
preview/src/components/message_scroller/style.css	composed:button	.dx-message-scroller-button[data-active="false"]	scale
preview/src/components/message_scroller/style.css	composed:button	.dx-message-scroller-button[data-active="false"]	transition-duration
preview/src/components/message_scroller/style.css	composed:button	.dx-message-scroller-button[data-active="false"]	transition-duration
preview/src/components/message_scroller/style.css	composed:button	.dx-message-scroller-button[data-active="false"]	transition-timing-function
preview/src/components/message_scroller/style.css	composed:button	.dx-message-scroller-button[data-direction="end"]	inset-block-end
preview/src/components/message_scroller/style.css	composed:button	.dx-message-scroller-button[data-direction="end"][data-active="false"]	translate
preview/src/components/message_scroller/style.css	composed:button	.dx-message-scroller-button[data-direction="start"]	inset-block-start
preview/src/components/message_scroller/style.css	composed:button	.dx-message-scroller-button[data-direction="start"][data-active="false"]	translate
preview/src/components/message_scroller/style.css	composed:button	.dx-message-scroller-button[data-message-scroller-button]	background-color
preview/src/components/message_scroller/style.css	composed:button	.dx-message-scroller-button[data-message-scroller-button]	border-color
preview/src/components/message_scroller/style.css	composed:button	.dx-message-scroller-button[data-message-scroller-button]	color
preview/src/components/message_scroller/style.css	composed:button	.dx-message-scroller-button[data-message-scroller-button]	inset-inline
preview/src/components/message_scroller/style.css	composed:button	.dx-message-scroller-button[data-message-scroller-button]	margin-inline
preview/src/components/message_scroller/style.css	composed:button	.dx-message-scroller-button[data-message-scroller-button]	opacity
preview/src/components/message_scroller/style.css	composed:button	.dx-message-scroller-button[data-message-scroller-button]	position
preview/src/components/message_scroller/style.css	composed:button	.dx-message-scroller-button[data-message-scroller-button]	scale
preview/src/components/message_scroller/style.css	composed:button	.dx-message-scroller-button[data-message-scroller-button]	transition-duration
preview/src/components/message_scroller/style.css	composed:button	.dx-message-scroller-button[data-message-scroller-button]	transition-duration
preview/src/components/message_scroller/style.css	composed:button	.dx-message-scroller-button[data-message-scroller-button]	transition-property
preview/src/components/message_scroller/style.css	composed:button	.dx-message-scroller-button[data-message-scroller-button]	transition-timing-function
preview/src/components/message_scroller/style.css	composed:button	.dx-message-scroller-button[data-message-scroller-button]	translate
preview/src/components/message_scroller/style.css	composed:button	.dx-message-scroller-button[data-message-scroller-button]:hover	background-color
preview/src/components/message_scroller/style.css	composed:button	.dx-message-scroller-button[data-message-scroller-button]:hover	color
preview/src/components/sidebar/style.css	composed:button	.dx-sidebar-trigger	align-items
preview/src/components/sidebar/style.css	composed:button	.dx-sidebar-trigger	display
preview/src/components/sidebar/style.css	composed:button	.dx-sidebar-trigger	height
preview/src/components/sidebar/style.css	composed:button	.dx-sidebar-trigger	justify-content
preview/src/components/sidebar/style.css	composed:button	.dx-sidebar-trigger	line-height
preview/src/components/sidebar/style.css	composed:button	.dx-sidebar-trigger	padding
preview/src/components/sidebar/style.css	composed:button	.dx-sidebar-trigger	touch-action
preview/src/components/sidebar/style.css	composed:button	.dx-sidebar-trigger	width
preview/src/components/sidebar/style.css	composed:collapsible	.dx-sidebar-menu-button.dx-sidebar-collapsible-trigger:hover	text-decoration
preview/src/components/sidebar/style.css	composed:collapsible	.dx-sidebar-menu-button.dx-sidebar-collapsible-trigger:hover	text-decoration-line
preview/src/components/sidebar/style.css	composed:dropdown_menu	.dx-sidebar-desktop[data-side="left"] .dx-sidebar-footer .dx-sidebar-dropdown-menu-content	bottom
preview/src/components/sidebar/style.css	composed:dropdown_menu	.dx-sidebar-desktop[data-side="left"] .dx-sidebar-footer .dx-sidebar-dropdown-menu-content	left
preview/src/components/sidebar/style.css	composed:dropdown_menu	.dx-sidebar-desktop[data-side="left"] .dx-sidebar-footer .dx-sidebar-dropdown-menu-content	margin-bottom
preview/src/components/sidebar/style.css	composed:dropdown_menu	.dx-sidebar-desktop[data-side="left"] .dx-sidebar-footer .dx-sidebar-dropdown-menu-content	margin-left
preview/src/components/sidebar/style.css	composed:dropdown_menu	.dx-sidebar-desktop[data-side="left"] .dx-sidebar-footer .dx-sidebar-dropdown-menu-content	top
preview/src/components/sidebar/style.css	composed:dropdown_menu	.dx-sidebar-desktop[data-side="left"] :is(.dx-sidebar-header, .dx-sidebar-menu-item:has(.dx-sidebar-menu-action)) .dx-sidebar-dropdown-menu-content	left
preview/src/components/sidebar/style.css	composed:dropdown_menu	.dx-sidebar-desktop[data-side="left"] :is(.dx-sidebar-header, .dx-sidebar-menu-item:has(.dx-sidebar-menu-action)) .dx-sidebar-dropdown-menu-content	margin-left
preview/src/components/sidebar/style.css	composed:dropdown_menu	.dx-sidebar-desktop[data-side="left"] :is(.dx-sidebar-header, .dx-sidebar-menu-item:has(.dx-sidebar-menu-action)) .dx-sidebar-dropdown-menu-content	margin-top
preview/src/components/sidebar/style.css	composed:dropdown_menu	.dx-sidebar-desktop[data-side="left"] :is(.dx-sidebar-header, .dx-sidebar-menu-item:has(.dx-sidebar-menu-action)) .dx-sidebar-dropdown-menu-content	top
preview/src/components/sidebar/style.css	composed:dropdown_menu	.dx-sidebar-desktop[data-side="right"] .dx-sidebar-footer .dx-sidebar-dropdown-menu-content	inset
preview/src/components/sidebar/style.css	composed:dropdown_menu	.dx-sidebar-desktop[data-side="right"] .dx-sidebar-footer .dx-sidebar-dropdown-menu-content	margin-bottom
preview/src/components/sidebar/style.css	composed:dropdown_menu	.dx-sidebar-desktop[data-side="right"] .dx-sidebar-footer .dx-sidebar-dropdown-menu-content	margin-right
preview/src/components/sidebar/style.css	composed:dropdown_menu	.dx-sidebar-desktop[data-side="right"] :is(.dx-sidebar-header, .dx-sidebar-menu-item:has(.dx-sidebar-menu-action)) .dx-sidebar-dropdown-menu-content	left
preview/src/components/sidebar/style.css	composed:dropdown_menu	.dx-sidebar-desktop[data-side="right"] :is(.dx-sidebar-header, .dx-sidebar-menu-item:has(.dx-sidebar-menu-action)) .dx-sidebar-dropdown-menu-content	margin-right
preview/src/components/sidebar/style.css	composed:dropdown_menu	.dx-sidebar-desktop[data-side="right"] :is(.dx-sidebar-header, .dx-sidebar-menu-item:has(.dx-sidebar-menu-action)) .dx-sidebar-dropdown-menu-content	margin-top
preview/src/components/sidebar/style.css	composed:dropdown_menu	.dx-sidebar-desktop[data-side="right"] :is(.dx-sidebar-header, .dx-sidebar-menu-item:has(.dx-sidebar-menu-action)) .dx-sidebar-dropdown-menu-content	right
preview/src/components/sidebar/style.css	composed:dropdown_menu	.dx-sidebar-desktop[data-side="right"] :is(.dx-sidebar-header, .dx-sidebar-menu-item:has(.dx-sidebar-menu-action)) .dx-sidebar-dropdown-menu-content	top
preview/src/components/sidebar/style.css	composed:dropdown_menu	.dx-sidebar-footer .dx-sidebar-menu-button.dx-sidebar-dropdown-menu-trigger:not(:focus-visible)	box-shadow
preview/src/components/sidebar/style.css	composed:dropdown_menu	.dx-sidebar-header .dx-sidebar-menu-button.dx-sidebar-dropdown-menu-trigger:not(:focus-visible)	box-shadow
preview/src/components/sidebar/style.css	composed:dropdown_menu	.dx-sidebar-menu .dx-sidebar-dropdown-menu	display
preview/src/components/sidebar/style.css	composed:dropdown_menu	.dx-sidebar-menu .dx-sidebar-dropdown-menu	width
preview/src/components/sidebar/style.css	composed:dropdown_menu	.dx-sidebar-menu-item > .dx-sidebar-dropdown-menu:has(.dx-sidebar-menu-action)	position
preview/src/components/sidebar/style.css	composed:dropdown_menu	.dx-sidebar-sheet .dx-sidebar-footer .dx-sidebar-dropdown-menu-content	inset-block
preview/src/components/sidebar/style.css	composed:dropdown_menu	.dx-sidebar-sheet .dx-sidebar-footer .dx-sidebar-dropdown-menu-content	inset-inline
preview/src/components/sidebar/style.css	composed:dropdown_menu	.dx-sidebar-sheet .dx-sidebar-footer .dx-sidebar-dropdown-menu-content	margin-bottom
preview/src/components/sidebar/style.css	composed:dropdown_menu	.dx-sidebar-sheet .dx-sidebar-footer .dx-sidebar-dropdown-menu-content	margin-top
preview/src/components/sidebar/style.css	composed:dropdown_menu	.dx-sidebar-sheet .dx-sidebar-header .dx-sidebar-dropdown-menu-content	inset-block
preview/src/components/sidebar/style.css	composed:dropdown_menu	.dx-sidebar-sheet .dx-sidebar-header .dx-sidebar-dropdown-menu-content	inset-inline
preview/src/components/sidebar/style.css	composed:dropdown_menu	.dx-sidebar-sheet .dx-sidebar-header .dx-sidebar-dropdown-menu-content	margin-bottom
preview/src/components/sidebar/style.css	composed:dropdown_menu	.dx-sidebar-sheet .dx-sidebar-header .dx-sidebar-dropdown-menu-content	margin-top
preview/src/components/sidebar/style.css	composed:separator	.dx-sidebar-dropdown-menu-content .dx-sidebar-dropdown-separator[data-orientation="horizontal"]	margin
preview/src/components/sidebar/style.css	composed:separator	.dx-sidebar-separator	background
preview/src/components/sidebar/style.css	composed:separator	.dx-sidebar-separator	margin
preview/src/components/sidebar/style.css	composed:separator	.dx-sidebar-separator	width
preview/src/components/sidebar/style.css	composed:sheet	.dx-sidebar-sheet	background
preview/src/components/sidebar/style.css	composed:sheet	.dx-sidebar-sheet	padding
preview/src/components/sidebar/style.css	composed:sheet	.dx-sidebar-sheet	width
preview/src/components/sidebar/style.css	composed:sheet	.dx-sidebar-sheet-close	display
preview/src/components/sidebar/style.css	composed:sheet	.dx-sidebar-sheet-close	touch-action
preview/src/components/sidebar/style.css	composed:sheet	.dx-sidebar-sr-only	border
preview/src/components/sidebar/style.css	composed:sheet	.dx-sidebar-sr-only	clip-path
preview/src/components/sidebar/style.css	composed:sheet	.dx-sidebar-sr-only	height
preview/src/components/sidebar/style.css	composed:sheet	.dx-sidebar-sr-only	margin
preview/src/components/sidebar/style.css	composed:sheet	.dx-sidebar-sr-only	overflow
preview/src/components/sidebar/style.css	composed:sheet	.dx-sidebar-sr-only	padding
preview/src/components/sidebar/style.css	composed:sheet	.dx-sidebar-sr-only	position
preview/src/components/sidebar/style.css	composed:sheet	.dx-sidebar-sr-only	white-space
preview/src/components/sidebar/style.css	composed:sheet	.dx-sidebar-sr-only	width
preview/src/components/sidebar/style.css	composed:skeleton	.dx-sidebar-menu-skeleton-icon	border-radius
preview/src/components/sidebar/style.css	composed:skeleton	.dx-sidebar-menu-skeleton-icon	height
preview/src/components/sidebar/style.css	composed:skeleton	.dx-sidebar-menu-skeleton-icon	width
preview/src/components/sidebar/style.css	composed:skeleton	.dx-sidebar-menu-skeleton-text	flex
preview/src/components/sidebar/style.css	composed:skeleton	.dx-sidebar-menu-skeleton-text	height
preview/src/components/sidebar/style.css	composed:tooltip	.dx-sidebar-menu .dx-sidebar-tooltip	display
preview/src/components/sidebar/style.css	composed:tooltip	.dx-sidebar-menu .dx-sidebar-tooltip	width
preview/src/components/toolbar/style.css	tag	.dx-toolbar button	align-items
preview/src/components/toolbar/style.css	tag	.dx-toolbar button	background
preview/src/components/toolbar/style.css	tag	.dx-toolbar button	border
preview/src/components/toolbar/style.css	tag	.dx-toolbar button	border-radius
preview/src/components/toolbar/style.css	tag	.dx-toolbar button	color
preview/src/components/toolbar/style.css	tag	.dx-toolbar button	cursor
preview/src/components/toolbar/style.css	tag	.dx-toolbar button	display
preview/src/components/toolbar/style.css	tag	.dx-toolbar button	gap
preview/src/components/toolbar/style.css	tag	.dx-toolbar button	justify-content
preview/src/components/toolbar/style.css	tag	.dx-toolbar button	padding
preview/src/components/toolbar/style.css	tag	.dx-toolbar button:disabled	color
preview/src/components/toolbar/style.css	tag	.dx-toolbar button:disabled	cursor
preview/src/components/toolbar/style.css	tag	.dx-toolbar button:focus-visible	background
preview/src/components/toolbar/style.css	tag	.dx-toolbar button:focus-visible	color
preview/src/components/toolbar/style.css	tag	.dx-toolbar button:hover:not([disabled])	background
preview/src/components/toolbar/style.css	tag	.dx-toolbar button:hover:not([disabled])	color
